<?xml version="1.0" encoding="UTF-8" standalone="yes" ?>
<CodeBlocks_plugin_manifest_file>
    <SdkVersion major="1" minor="10" release="0" />
    <Plugin name="FilesExtensionHandler">
        <Value title="Files extension handler" />
        <Value version="1.0" />
        <Value description="This is the default files extension handler for Code::Blocks.

If you disable it, some file types will not be opened in Code::Blocks" />
        <Value author="Yiannis An. Mandravellos" />
        <Value authorEmail="info@codeblocks.org" />
        <Value authorWebsite="https://www.codeblocks.org" />
        <Value thanksTo="" />
        <Value license="GPL" />
    </Plugin>
</CodeBlocks_plugin_manifest_file>
