<?xml version="1.0" encoding="UTF-8" standalone="yes" ?>
<CodeBlocks_plugin_manifest_file>
    <SdkVersion major="1" minor="10" release="0" />
    <Plugin name="Profiler">
        <Value title="Code profiler" />
        <Value version="1.0RC2" />
        <Value description="A simple graphical interface to the GNU GProf Profiler


GNU GProf Online Reference:
http://www.gnu.org/software/binutils/manual/gprof-2.9.1/html_mono/gprof.html" />
        <Value author="Dark Lord &amp; Zlika" />
        <Value authorEmail="" />
        <Value authorWebsite="" />
        <Value thanksTo="Mandrav, for the n00b intro to profiling
and the sources of his Source code
formatter (AStyle) Plugin, whose clean
code structure served as a basis for this
plugin
:)" />
        <Value license="GPL" />
    </Plugin>
</CodeBlocks_plugin_manifest_file>

