<?xml version="1.0" encoding="utf-8" standalone="yes"?>
<!--
 * This file is part of the Code::Blocks IDE and licensed under the GNU General Public License, version 3
 * http://www.gnu.org/licenses/gpl-3.0.html
 *
 * Copyright: 2008 Jens Lody
 *
 * $Revision: 13024 $
 * $Id: manifest.xml 13024 2022-11-13 13:58:22Z wh11204 $
 * $HeadURL: https://svn.code.sf.net/p/codeblocks/code/branches/release-25.03/src/plugins/contrib/IncrementalSearch/manifest.xml $
 -->
<CodeBlocks_plugin_manifest_file>
  <SdkVersion major="1"
              minor="11"
              release="12" />
  <Plugin name="IncrementalSearch">
    <Value title="Incremental search" />
    <Value version="0.9" />
    <Value description="Searches and highlights a marked text incrementally within the open editor." />
    <Value author="Jens Lody" />
    <Value authorEmail="debian@jenslody.de" />
    <Value authorWebsite="apt.jenslody.de" />
    <Value thanksTo="The Code::Blocks team" />
    <Value license="GPL" />
  </Plugin>
</CodeBlocks_plugin_manifest_file>
