<?xml version="1.0" encoding="UTF-8" standalone="yes" ?>
<CodeBlocks_plugin_manifest_file>
    <SdkVersion major="1" minor="10" release="0" />
    <Plugin name="cbDragScroll">
        <Value title="DragScroll" />
        <Value version="1.3.31 2022/11/12" />
        <Value description="Mouse Drag and Scroll using Right or Middle Mouse Key" />
        <Value author="Pecan" />
        <Value authorEmail=" " />
        <Value authorWebsite=" " />
        <Value thanksTo="wxWidgets &amp; Code::Blocks Team" />
        <Value license="GPL" />
    </Plugin>
</CodeBlocks_plugin_manifest_file>
