<?xml version="1.0" encoding="UTF-8" standalone="yes" ?>
<CodeBlocks_plugin_manifest_file>
    <SdkVersion major="1" minor="11"  release="13" />
    <Plugin name="FileManager">
        <Value title="File manager" />
        <Value version="0.5.0" />
        <Value description="" />
        <Value author="Damien Moore" />
        <Value authorEmail="" />
        <Value authorWebsite="" />
        <Value thanksTo="" />
        <Value license="GPL" />
    </Plugin>
</CodeBlocks_plugin_manifest_file>
