<?xml version="1.0" encoding="UTF-8" standalone="yes" ?>
<CodeBlocks_plugin_manifest_file>
    <SdkVersion major="1" minor="10" release="0" />
    <Plugin name="Debugger">
        <Value title="Debugger" />
        <Value version="0.3" />
        <Value description="Plugin that interfaces the GNU GDB and MS CDB debuggers." />
        <Value author="Yiannis An. Mandravellos" />
        <Value authorEmail="info@codeblocks.org" />
        <Value authorWebsite="https://www.codeblocks.org" />
        <Value thanksTo="" />
        <Value license="GPL" />
    </Plugin>
</CodeBlocks_plugin_manifest_file>
