<?xml version="1.0" encoding="UTF-8" standalone="yes" ?>
<CodeBlocks_plugin_manifest_file>
    <SdkVersion major="1" minor="10" release="0" />
    <Plugin name="OpenFilesList">
        <Value title="Open files list" />
        <Value version="1.0" />
        <Value description="View open files list" />
        <Value author="Yiannis An. Mandravellos" />
        <Value authorEmail="info@codeblocks.org" />
        <Value authorWebsite="https://www.codeblocks.org" />
        <Value thanksTo="Rick" />
        <Value license="GPL" />
    </Plugin>
</CodeBlocks_plugin_manifest_file>
