<?xml version="1.0" encoding="UTF-8" standalone="yes" ?>
<CodeBlocks_plugin_manifest_file>
    <SdkVersion major="1" minor="11"  release="12" />
    <Plugin name="OccurrencesHighlighting">
        <Value title="OccurrencesHighlighting" />
        <Value version="0.1" />
        <Value description="Code::Blocks OccurrenceHighlighting plugin" />
        <Value author="" />
        <Value authorEmail="info@codeblocks.org" />
        <Value authorWebsite="https://www.codeblocks.org" />
        <Value thanksTo="" />
        <Value license="GPL" />
    </Plugin>
</CodeBlocks_plugin_manifest_file>
