<?xml version="1.0" encoding="UTF-8" standalone="yes" ?>
<CodeBlocks_plugin_manifest_file>
    <SdkVersion major="1" minor="10" release="0" />
    <Plugin name="lib_finder">
        <Value title="Library finder" />
        <Value version="2.0" />
        <Value description="Tool automatically searching for installed libraries and adding them to project" />
        <Value author="BYO" />
        <Value authorEmail="byo.spoon@gmail.com" />
        <Value authorWebsite="https://www.codeblocks.org" />
        <Value thanksTo="" />
        <Value license="GPL" />
    </Plugin>
</CodeBlocks_plugin_manifest_file>
