<?xml version="1.0" encoding="UTF-8" standalone="yes" ?>
<CodeBlocks_plugin_manifest_file>
    <SdkVersion major="1" minor="10" release="0" />
    <Plugin name="Autosave">
        <Value title="Autosave" />
        <Value version="0.1" />
        <Value description="Saves your work in regular intervals" />
        <Value author="Thomas Denk" />
        <Value authorEmail="" />
        <Value authorWebsite="https://www.codeblocks.org" />
        <Value thanksTo="" />
        <Value license="GPL" />
    </Plugin>
</CodeBlocks_plugin_manifest_file>
