<?xml version="1.0" encoding="UTF-8" standalone="yes" ?>
<CodeBlocks_plugin_manifest_file>
    <SdkVersion major="1" minor="10" release="0" />
    <Plugin name="SymTab">
        <Value title="Symbol Table Plugin" />
        <Value version="1.0" />
        <Value description="A simple graphical interface to the GNU symbol table displayer (nm)." />
        <Value author="Martin Halle" />
        <Value authorEmail="codeblocks@martin-halle.de" />
        <Value authorWebsite="https://www.codeblocks.org" />
        <Value thanksTo="The Code::Blocks Team for the greates IDE at all." />
        <Value license="GPL" />
    </Plugin>
</CodeBlocks_plugin_manifest_file>
