<?xml version="1.0" encoding="UTF-8" standalone="yes" ?>
<CodeBlocks_plugin_manifest_file>
    <SdkVersion major="1" minor="11" release="12" />
    <Plugin name="MouseSap">
        <Value title="MouseSap" />
        <Value version="1.1.9 2020/06/7" />
        <Value description="Middle Mouse Select and Paste

This plugin adds editor functions using the shiftKey, ctrlKey and  middleMouse button.

If selected text &amp; shift-middleMouse, paste selected text at current cursor position.
If selected text &amp; shift-middleMouse inside selection, copy to clipboard.
If selected text &amp; shift-switch editor, copy selection to clipboard.
If selected text &amp; shift-ctrl-middleMouse, overwrite selection with clipboard data.
If no selected text &amp; Shift-middleMouse, paste clipboard data at cursor position(like ctrl-v)."
/>
        <Value author="Pecan" />
        <Value authorEmail=" " />
        <Value authorWebsite=" " />
        <Value thanksTo="wxWidgets &amp; Code::Blocks Team" />
        <Value license="GPL" />
    </Plugin>
</CodeBlocks_plugin_manifest_file>
