<?xml version="1.0" encoding="UTF-8" standalone="yes" ?>
<CodeBlocks_plugin_manifest_file>
    <SdkVersion major="1" minor="11"  release="11" />
    <Plugin name="BrowseTracker">
        <Value title="BrowseTracker" />
        <Value version="0.1" />
        <Value description="Browse to previous source positions" />
        <Value author="Pecan Heber" />
        <Value authorEmail="" />
        <Value authorWebsite="https://www.codeblocks.org" />
        <Value thanksTo="CodeBlocks team" />
        <Value license="GPL" />
    </Plugin>
</CodeBlocks_plugin_manifest_file>
